"countryCode","countryName","north","south","east","west"
"GR","Greece","41.7484999849641","34.8020663391466","28.2470831714347","19.3736035624134"
"JP","Japan","45.52295736","24.255169441","145.817458885","122.933653061"
"RU","Russia","81.8616409300001","41.1853530000001","-169.05","19.25"
"US","United States of America","49.384358","24.544093","-66.949607","-124.733692"
